escenario,metrica,comparacion,n_alg1,n_alg2,media_alg1,media_alg2,std_alg1,std_alg2,mediana_alg1,mediana_alg2,U_statistic,p_value,effect_size_r,significativo,interpretacion
Base,Funcion objetivo,GA vs ACO,10000,10000,63.431409,68.029763,0.011161,4.372524,63.43,66.18,35140.5,0.0,0.999297,Si,Diferencia significativa (p < 0.05). GA obtiene valores significativamente menores.
Base,Funcion objetivo,GA vs Hibrido GA-ACO,10000,10000,63.431409,63.432371,0.011161,0.014375,63.43,63.43,49450283.5,7.274421032164194e-08,0.010994,Si,Diferencia significativa (p < 0.05). GA obtiene valores significativamente menores.
Base,Funcion objetivo,ACO vs Hibrido GA-ACO,10000,10000,68.029763,63.432371,4.372524,0.014375,66.18,63.43,99951260.5,0.0,-0.999025,Si,Diferencia significativa (p < 0.05). Hibrido GA-ACO obtiene valores significativamente menores.
Base,Tiempo de ejecucion (s),GA vs ACO,10000,10000,0.354727,0.266474,0.120809,0.020321,0.356665,0.26142,88901822.5,0.0,-0.778036,Si,Diferencia significativa (p < 0.05). ACO obtiene valores significativamente menores.
Base,Tiempo de ejecucion (s),GA vs Hibrido GA-ACO,10000,10000,0.354727,0.399644,0.120809,0.022873,0.356665,0.393775,11718180.0,0.0,0.765636,Si,Diferencia significativa (p < 0.05). GA obtiene valores significativamente menores.
Base,Tiempo de ejecucion (s),ACO vs Hibrido GA-ACO,10000,10000,0.266474,0.399644,0.020321,0.022873,0.26142,0.393775,216234.0,0.0,0.995675,Si,Diferencia significativa (p < 0.05). ACO obtiene valores significativamente menores.
Hora Pico,Funcion objetivo,GA vs ACO,10000,10000,63.434187,69.427348,0.018939,5.657247,63.43,70.33,76157.0,0.0,0.998477,Si,Diferencia significativa (p < 0.05). GA obtiene valores significativamente menores.
Hora Pico,Funcion objetivo,GA vs Hibrido GA-ACO,10000,10000,63.434187,63.435364,0.018939,0.021297,63.43,63.43,49354206.5,4.828337975903083e-05,0.012916,Si,Diferencia significativa (p < 0.05). GA obtiene valores significativamente menores.
Hora Pico,Funcion objetivo,ACO vs Hibrido GA-ACO,10000,10000,69.427348,63.435364,5.657247,0.021297,70.33,63.43,99905181.5,0.0,-0.998104,Si,Diferencia significativa (p < 0.05). Hibrido GA-ACO obtiene valores significativamente menores.
Hora Pico,Tiempo de ejecucion (s),GA vs ACO,10000,10000,0.35591,0.258064,0.021785,0.014062,0.351298,0.255266,99738987.0,0.0,-0.99478,Si,Diferencia significativa (p < 0.05). ACO obtiene valores significativamente menores.
Hora Pico,Tiempo de ejecucion (s),GA vs Hibrido GA-ACO,10000,10000,0.35591,0.39723,0.021785,0.021166,0.351298,0.392918,4295611.5,0.0,0.914088,Si,Diferencia significativa (p < 0.05). GA obtiene valores significativamente menores.
Hora Pico,Tiempo de ejecucion (s),ACO vs Hibrido GA-ACO,10000,10000,0.258064,0.39723,0.014062,0.021166,0.255266,0.392918,167323.0,0.0,0.996654,Si,Diferencia significativa (p < 0.05). ACO obtiene valores significativamente menores.
Tienda Congestionada,Funcion objetivo,GA vs ACO,10000,10000,63.436565,69.40838,0.023391,4.849684,63.43,70.43,113055.5,0.0,0.997739,Si,Diferencia significativa (p < 0.05). GA obtiene valores significativamente menores.
Tienda Congestionada,Funcion objetivo,GA vs Hibrido GA-ACO,10000,10000,63.436565,63.437331,0.023391,0.024604,63.43,63.43,49570195.5,0.02301578694561099,0.008596,Si,Diferencia significativa (p < 0.05). GA obtiene valores significativamente menores.
Tienda Congestionada,Funcion objetivo,ACO vs Hibrido GA-ACO,10000,10000,69.40838,63.437331,4.849684,0.024604,70.43,63.43,99874914.0,0.0,-0.997498,Si,Diferencia significativa (p < 0.05). Hibrido GA-ACO obtiene valores significativamente menores.
Tienda Congestionada,Tiempo de ejecucion (s),GA vs ACO,10000,10000,0.341922,0.257928,0.019917,0.016305,0.337088,0.254505,99312394.5,0.0,-0.986248,Si,Diferencia significativa (p < 0.05). ACO obtiene valores significativamente menores.
Tienda Congestionada,Tiempo de ejecucion (s),GA vs Hibrido GA-ACO,10000,10000,0.341922,0.396382,0.019917,0.019685,0.337088,0.391991,3107041.5,0.0,0.937859,Si,Diferencia significativa (p < 0.05). GA obtiene valores significativamente menores.
Tienda Congestionada,Tiempo de ejecucion (s),ACO vs Hibrido GA-ACO,10000,10000,0.257928,0.396382,0.016305,0.019685,0.254505,0.391991,181848.0,0.0,0.996363,Si,Diferencia significativa (p < 0.05). ACO obtiene valores significativamente menores.
Estres,Funcion objetivo,GA vs ACO,10000,10000,63.52,70.088948,0.0,31.219907,63.52,69.45,1150000.0,0.0,0.977,Si,Diferencia significativa (p < 0.05). GA obtiene valores significativamente menores.
Estres,Funcion objetivo,GA vs Hibrido GA-ACO,10000,10000,63.52,63.52,0.0,0.0,63.52,63.52,50000000.0,1.0,0.0,No,Sin diferencia significativa (p >= 0.05). No se puede rechazar la hipotesis nula.
Estres,Funcion objetivo,ACO vs Hibrido GA-ACO,10000,10000,70.088948,63.52,31.219907,0.0,69.45,63.52,98850000.0,0.0,-0.977,Si,Diferencia significativa (p < 0.05). Hibrido GA-ACO obtiene valores significativamente menores.
Estres,Tiempo de ejecucion (s),GA vs ACO,10000,10000,0.342557,0.253647,0.018048,0.024241,0.338501,0.253219,99554548.5,0.0,-0.991091,Si,Diferencia significativa (p < 0.05). ACO obtiene valores significativamente menores.
Estres,Tiempo de ejecucion (s),GA vs Hibrido GA-ACO,10000,10000,0.342557,0.394673,0.018048,0.018399,0.338501,0.390308,2384014.5,0.0,0.95232,Si,Diferencia significativa (p < 0.05). GA obtiene valores significativamente menores.
Estres,Tiempo de ejecucion (s),ACO vs Hibrido GA-ACO,10000,10000,0.253647,0.394673,0.024241,0.018399,0.253219,0.390308,161361.0,0.0,0.996773,Si,Diferencia significativa (p < 0.05). ACO obtiene valores significativamente menores.
Estres Total,Funcion objetivo,GA vs ACO,10000,10000,71559.29,73584.621721,0.0,2893.735156,71559.29,71559.29,26190000.0,0.0,0.4762,Si,Diferencia significativa (p < 0.05). GA obtiene valores significativamente menores.
Estres Total,Funcion objetivo,GA vs Hibrido GA-ACO,10000,10000,71559.29,71559.29,0.0,0.0,71559.29,71559.29,50000000.0,1.0,0.0,No,Sin diferencia significativa (p >= 0.05). No se puede rechazar la hipotesis nula.
Estres Total,Funcion objetivo,ACO vs Hibrido GA-ACO,10000,10000,73584.621721,71559.29,2893.735156,0.0,71559.29,71559.29,73810000.0,0.0,-0.4762,Si,Diferencia significativa (p < 0.05). Hibrido GA-ACO obtiene valores significativamente menores.
Estres Total,Tiempo de ejecucion (s),GA vs ACO,10000,10000,0.348742,0.259379,0.017699,0.014526,0.344376,0.255354,99663401.0,0.0,-0.993268,Si,Diferencia significativa (p < 0.05). ACO obtiene valores significativamente menores.
Estres Total,Tiempo de ejecucion (s),GA vs Hibrido GA-ACO,10000,10000,0.348742,0.395886,0.017699,0.01841,0.344376,0.391655,2694726.0,0.0,0.946105,Si,Diferencia significativa (p < 0.05). GA obtiene valores significativamente menores.
Estres Total,Tiempo de ejecucion (s),ACO vs Hibrido GA-ACO,10000,10000,0.259379,0.395886,0.014526,0.01841,0.255354,0.391655,172315.0,0.0,0.996554,Si,Diferencia significativa (p < 0.05). ACO obtiene valores significativamente menores.
